{"meta": "lr", "classes_": [0, 1], "coef_": [[-0.289043527697901, 0.19671032724602644, -0.1691548535274455, 0.07710304643098292, -0.4045023037176341, -0.2813234824012855, 0.0679656026111992, -0.4690765260837735, 1.6497743504722222, -0.03210025465180678, -0.6854545396659336, -0.26942024584502494]], "intercept_": [-1.039353601981414], "n_iter_": [100], "params": {"C": 1.0, "class_weight": null, "dual": false, "fit_intercept": true, "intercept_scaling": 1, "l1_ratio": null, "max_iter": 100, "multi_class": "auto", "n_jobs": null, "penalty": "l2", "random_state": null, "solver": "lbfgs", "tol": 0.0001, "verbose": 0, "warm_start": false}}